Player,Trusts most to be honest,Best communicator under pressure,Most comfortable approaching when stressed,Most positive influence on team,Works most effectively with,Trusts decision-making in tough moments,Feels understands them best,Interacts with most,Contributes most to positive environment,Feels least connected to,Interacts with least,Hardest to communicate with
Alex Carter,Trevor Johnson,Jordan Price,Dylan Harris,Isaiah Brooks,Andrew McKinney,Logan Foster,Logan Foster,Jordan Price,Jacob Miller,Kyle Anderson,Jordan Price,Andrew McKinney
Brandon Mitchell,Samuel Reed,Jacob Miller,Kyle Anderson,Marcus Bennett,Mason Turner,Ethan Walker,Mason Turner,Jason Coleman,Zachary Phillips,Ethan Walker,Tyler Morgan,William Hayes
Caleb Thompson,Tyler Morgan,Hunter Reynolds,Samuel Reed,Dylan Harris,Ryan Sullivan,Jordan Price,Samuel Reed,Ethan Walker,Isaiah Brooks,Jason Coleman,Zachary Phillips,Isaiah Brooks
Dylan Harris,Trevor Johnson,Tyler Morgan,Samuel Reed,Hunter Reynolds,Jason Coleman,Tyler Morgan,Marcus Bennett,Jacob Miller,Alex Carter,Jacob Miller,Jason Coleman,Owen Parker
Ethan Walker,Samuel Reed,Alex Carter,Alex Carter,Jordan Price,Jordan Price,Tyler Morgan,Marcus Bennett,William Hayes,Ryan Sullivan,Samuel Reed,Logan Foster,Ryan Sullivan
Garrett Lewis,Mason Turner,Marcus Bennett,Jacob Miller,Mason Turner,Samuel Reed,Mason Turner,Trevor Johnson,Jason Coleman,Ryan Sullivan,Ryan Sullivan,Brandon Mitchell,Jacob Miller
Hunter Reynolds,Jacob Miller,William Hayes,Marcus Bennett,Isaiah Brooks,Jordan Price,Marcus Bennett,Owen Parker,Kyle Anderson,Nathan Collins,Garrett Lewis,Jason Coleman,Mason Turner
Isaiah Brooks,Jacob Miller,Trevor Johnson,Tyler Morgan,Zachary Phillips,Dylan Harris,Logan Foster,Hunter Reynolds,Mason Turner,Jason Coleman,Trevor Johnson,Logan Foster,Hunter Reynolds
Jacob Miller,Tyler Morgan,Logan Foster,Dylan Harris,William Hayes,Tyler Morgan,Zachary Phillips,William Hayes,Garrett Lewis,Isaiah Brooks,Samuel Reed,Hunter Reynolds,Jordan Price
Jason Coleman,Jacob Miller,Jacob Miller,Trevor Johnson,Zachary Phillips,Nathan Collins,Kyle Anderson,Nathan Collins,Owen Parker,Mason Turner,Ethan Walker,Zachary Phillips,Kyle Anderson
Jordan Price,Ethan Walker,Caleb Thompson,Jason Coleman,Jason Coleman,Brandon Mitchell,Mason Turner,Dylan Harris,Logan Foster,Alex Carter,Zachary Phillips,Hunter Reynolds,Andrew McKinney
Kyle Anderson,Ryan Sullivan,Nathan Collins,Marcus Bennett,Tanner Whitaker,Tanner Whitaker,Brandon Mitchell,Owen Parker,Marcus Bennett,Caleb Thompson,Jordan Price,Mason Turner,Samuel Reed
Logan Foster,Brandon Mitchell,Jason Coleman,Marcus Bennett,Alex Carter,Brandon Mitchell,Jason Coleman,Samuel Reed,Samuel Reed,Jason Coleman,Tanner Whitaker,Jordan Price,Ethan Walker
Marcus Bennett,Andrew McKinney,Tanner Whitaker,William Hayes,Garrett Lewis,Kyle Anderson,Trevor Johnson,Nathan Collins,Andrew McKinney,Mason Turner,Ethan Walker,Dylan Harris,Brandon Mitchell
Mason Turner,Alex Carter,Isaiah Brooks,Caleb Thompson,Dylan Harris,Zachary Phillips,Tyler Morgan,Tyler Morgan,Trevor Johnson,Jacob Miller,Jason Coleman,Tyler Morgan,Samuel Reed
Nathan Collins,Garrett Lewis,Dylan Harris,Jacob Miller,Ethan Walker,Tanner Whitaker,Ethan Walker,Isaiah Brooks,Trevor Johnson,Marcus Bennett,Dylan Harris,Brandon Mitchell,Caleb Thompson
Owen Parker,Zachary Phillips,Tanner Whitaker,Hunter Reynolds,Caleb Thompson,Trevor Johnson,William Hayes,Ethan Walker,Isaiah Brooks,Kyle Anderson,Kyle Anderson,Ryan Sullivan,Mason Turner
Ryan Sullivan,Marcus Bennett,Tanner Whitaker,Garrett Lewis,Andrew McKinney,Hunter Reynolds,Marcus Bennett,Mason Turner,Samuel Reed,Logan Foster,Tyler Morgan,Caleb Thompson,Kyle Anderson
Samuel Reed,Marcus Bennett,Ryan Sullivan,Tanner Whitaker,Jacob Miller,Trevor Johnson,Marcus Bennett,Caleb Thompson,Kyle Anderson,William Hayes,Trevor Johnson,Jason Coleman,Jason Coleman
Tanner Whitaker,Jacob Miller,Jacob Miller,Mason Turner,Jordan Price,Brandon Mitchell,Andrew McKinney,Trevor Johnson,Samuel Reed,Tyler Morgan,Garrett Lewis,Alex Carter,Ethan Walker
Trevor Johnson,Garrett Lewis,Isaiah Brooks,Ethan Walker,Brandon Mitchell,Jason Coleman,Samuel Reed,Tyler Morgan,Hunter Reynolds,Jason Coleman,Caleb Thompson,Brandon Mitchell,Dylan Harris
Tyler Morgan,Trevor Johnson,Jacob Miller,Ryan Sullivan,Hunter Reynolds,Caleb Thompson,Andrew McKinney,William Hayes,Ethan Walker,Hunter Reynolds,Jordan Price,Nathan Collins,Dylan Harris
William Hayes,Alex Carter,Ethan Walker,Jason Coleman,Nathan Collins,Brandon Mitchell,Nathan Collins,Mason Turner,Marcus Bennett,Nathan Collins,Dylan Harris,Alex Carter,Alex Carter
Zachary Phillips,Mason Turner,William Hayes,Nathan Collins,William Hayes,Kyle Anderson,Jacob Miller,Ryan Sullivan,Samuel Reed,Jordan Price,Samuel Reed,Isaiah Brooks,Owen Parker
Andrew McKinney,William Hayes,Ryan Sullivan,Zachary Phillips,Logan Foster,William Hayes,Isaiah Brooks,Marcus Bennett,Jacob Miller,Zachary Phillips,Samuel Reed,Owen Parker,Alex Carter
